date,homeTeam,awayTeam,homeGoals,awayGoals
11/08/2023 20:00,Burnley FC,Manchester City FC,0,3
12/08/2023 13:00,Arsenal FC,Nottingham Forest FC,2,1
12/08/2023 15:00,AFC Bournemouth,West Ham United FC,1,1
12/08/2023 15:00,Brighton & Hove Albion FC,Luton,4,1
12/08/2023 15:00,Everton FC,Fulham FC,0,1
12/08/2023 15:00,Sheffield Utd,Crystal Palace FC,0,1
12/08/2023 17:30,Newcastle United FC,Aston Villa FC,5,1
13/08/2023 14:00,Brentford FC,Tottenham Hotspur FC,2,2
13/08/2023 16:30,Chelsea FC,Liverpool FC,1,1
14/08/2023 20:00,Manchester United FC,Wolverhampton Wanderers FC,1,0
18/08/2023 19:45,Nottingham Forest FC,Sheffield Utd,2,1
19/08/2023 15:00,Fulham FC,Brentford FC,0,3
19/08/2023 15:00,Liverpool FC,AFC Bournemouth,3,1
19/08/2023 15:00,Wolverhampton Wanderers FC,Brighton & Hove Albion FC,1,4
19/08/2023 17:30,Tottenham Hotspur FC,Manchester United FC,2,0
19/08/2023 20:00,Manchester City FC,Newcastle United FC,1,0
20/08/2023 14:00,Aston Villa FC,Everton FC,4,0
20/08/2023 16:30,West Ham United FC,Chelsea FC,3,1
21/08/2023 20:00,Crystal Palace FC,Arsenal FC,0,1
03/10/2023 19:30,Luton,Burnley FC,1,2
25/08/2023 20:00,Chelsea FC,Luton,3,0
26/08/2023 12:30,AFC Bournemouth,Tottenham Hotspur FC,0,2
26/08/2023 15:00,Arsenal FC,Fulham FC,2,2
26/08/2023 15:00,Brentford FC,Crystal Palace FC,1,1
26/08/2023 15:00,Everton FC,Wolverhampton Wanderers FC,0,1
26/08/2023 15:00,Manchester United FC,Nottingham Forest FC,3,2
26/08/2023 17:30,Brighton & Hove Albion FC,West Ham United FC,1,3
27/08/2023 14:00,Burnley FC,Aston Villa FC,1,3
27/08/2023 14:00,Sheffield Utd,Manchester City FC,1,2
27/08/2023 16:30,Newcastle United FC,Liverpool FC,1,2
01/09/2023 20:00,Luton,West Ham United FC,1,2
02/09/2023 12:30,Sheffield Utd,Everton FC,2,2
02/09/2023 15:00,Brentford FC,AFC Bournemouth,2,2
02/09/2023 15:00,Burnley FC,Tottenham Hotspur FC,2,5
02/09/2023 15:00,Chelsea FC,Nottingham Forest FC,0,1
02/09/2023 15:00,Manchester City FC,Fulham FC,5,1
02/09/2023 17:30,Brighton & Hove Albion FC,Newcastle United FC,3,1
03/09/2023 14:00,Crystal Palace FC,Wolverhampton Wanderers FC,3,2
03/09/2023 14:00,Liverpool FC,Aston Villa FC,3,0
03/09/2023 16:30,Arsenal FC,Manchester United FC,3,1
16/09/2023 12:30,Wolverhampton Wanderers FC,Liverpool FC,1,3
16/09/2023 15:00,Aston Villa FC,Crystal Palace FC,3,1
16/09/2023 15:00,Fulham FC,Luton,1,0
16/09/2023 15:00,Manchester United FC,Brighton & Hove Albion FC,1,3
16/09/2023 15:00,Tottenham Hotspur FC,Sheffield Utd,2,1
16/09/2023 15:00,West Ham United FC,Manchester City FC,1,3
16/09/2023 17:30,Newcastle United FC,Brentford FC,1,0
17/09/2023 14:00,AFC Bournemouth,Chelsea FC,0,0
17/09/2023 16:30,Everton FC,Arsenal FC,0,1
18/09/2023 19:45,Nottingham Forest FC,Burnley FC,1,1
23/09/2023 15:00,Crystal Palace FC,Fulham FC,0,0
23/09/2023 15:00,Luton,Wolverhampton Wanderers FC,1,1
23/09/2023 15:00,Manchester City FC,Nottingham Forest FC,2,0
23/09/2023 17:30,Brentford FC,Everton FC,1,3
23/09/2023 20:00,Burnley FC,Manchester United FC,0,1
24/09/2023 14:00,Arsenal FC,Tottenham Hotspur FC,2,2
24/09/2023 14:00,Brighton & Hove Albion FC,AFC Bournemouth,3,1
24/09/2023 14:00,Chelsea FC,Aston Villa FC,0,1
24/09/2023 14:00,Liverpool FC,West Ham United FC,3,1
24/09/2023 16:30,Sheffield Utd,Newcastle United FC,0,8
30/09/2023 12:30,Aston Villa FC,Brighton & Hove Albion FC,6,1
30/09/2023 15:00,AFC Bournemouth,Arsenal FC,0,4
30/09/2023 15:00,Everton FC,Luton,1,2
30/09/2023 15:00,Manchester United FC,Crystal Palace FC,0,1
30/09/2023 15:00,Newcastle United FC,Burnley FC,2,0
30/09/2023 15:00,West Ham United FC,Sheffield Utd,2,0
30/09/2023 15:00,Wolverhampton Wanderers FC,Manchester City FC,2,1
30/09/2023 17:30,Tottenham Hotspur FC,Liverpool FC,2,1
01/10/2023 14:00,Nottingham Forest FC,Brentford FC,1,1
02/10/2023 20:00,Fulham FC,Chelsea FC,0,2
07/10/2023 12:30,Luton,Tottenham Hotspur FC,0,1
07/10/2023 15:00,Burnley FC,Chelsea FC,1,4
07/10/2023 15:00,Everton FC,AFC Bournemouth,3,0
07/10/2023 15:00,Fulham FC,Sheffield Utd,3,1
07/10/2023 15:00,Manchester United FC,Brentford FC,2,1
07/10/2023 17:30,Crystal Palace FC,Nottingham Forest FC,0,0
08/10/2023 14:00,Brighton & Hove Albion FC,Liverpool FC,2,2
08/10/2023 14:00,West Ham United FC,Newcastle United FC,2,2
08/10/2023 14:00,Wolverhampton Wanderers FC,Aston Villa FC,1,1
08/10/2023 16:30,Arsenal FC,Manchester City FC,1,0
21/10/2023 12:30,Liverpool FC,Everton FC,2,0
21/10/2023 15:00,AFC Bournemouth,Wolverhampton Wanderers FC,1,2
21/10/2023 15:00,Brentford FC,Burnley FC,3,0
21/10/2023 15:00,Manchester City FC,Brighton & Hove Albion FC,2,1
21/10/2023 15:00,Newcastle United FC,Crystal Palace FC,4,0
21/10/2023 15:00,Nottingham Forest FC,Luton,2,2
21/10/2023 17:30,Chelsea FC,Arsenal FC,2,2
21/10/2023 20:00,Sheffield Utd,Manchester United FC,1,2
22/10/2023 16:30,Aston Villa FC,West Ham United FC,4,1
23/10/2023 20:00,Tottenham Hotspur FC,Fulham FC,2,0
27/10/2023 20:00,Crystal Palace FC,Tottenham Hotspur FC,1,2
28/10/2023 12:30,Chelsea FC,Brentford FC,0,2
28/10/2023 15:00,Arsenal FC,Sheffield Utd,5,0
28/10/2023 15:00,AFC Bournemouth,Burnley FC,2,1
28/10/2023 17:30,Wolverhampton Wanderers FC,Newcastle United FC,2,2
29/10/2023 13:00,West Ham United FC,Everton FC,0,1
29/10/2023 14:00,Aston Villa FC,Luton,3,1
29/10/2023 14:00,Brighton & Hove Albion FC,Fulham FC,1,1
29/10/2023 14:00,Liverpool FC,Nottingham Forest FC,3,0
29/10/2023 15:30,Manchester United FC,Manchester City FC,0,3
04/11/2023 12:30,Fulham FC,Manchester United FC,0,1
04/11/2023 15:00,Brentford FC,West Ham United FC,3,2
04/11/2023 15:00,Burnley FC,Crystal Palace FC,0,2
04/11/2023 15:00,Everton FC,Brighton & Hove Albion FC,1,1
04/11/2023 15:00,Manchester City FC,AFC Bournemouth,6,1
04/11/2023 15:00,Sheffield Utd,Wolverhampton Wanderers FC,2,1
04/11/2023 17:30,Newcastle United FC,Arsenal FC,1,0
05/11/2023 14:00,Nottingham Forest FC,Aston Villa FC,2,0
05/11/2023 16:30,Luton,Liverpool FC,1,1
06/11/2023 20:00,Tottenham Hotspur FC,Chelsea FC,1,4
11/11/2023 12:30,Wolverhampton Wanderers FC,Tottenham Hotspur FC,2,1
11/11/2023 15:00,Arsenal FC,Burnley FC,3,1
11/11/2023 15:00,Crystal Palace FC,Everton FC,2,3
11/11/2023 15:00,Manchester United FC,Luton,1,0
11/11/2023 17:30,AFC Bournemouth,Newcastle United FC,2,0
12/11/2023 14:00,Aston Villa FC,Fulham FC,3,1
12/11/2023 14:00,Brighton & Hove Albion FC,Sheffield Utd,1,1
12/11/2023 14:00,Liverpool FC,Brentford FC,3,0
12/11/2023 14:00,West Ham United FC,Nottingham Forest FC,3,2
12/11/2023 16:30,Chelsea FC,Manchester City FC,4,4
25/11/2023 12:30,Manchester City FC,Liverpool FC,1,1
25/11/2023 15:00,Burnley FC,West Ham United FC,1,2
25/11/2023 15:00,Luton,Crystal Palace FC,2,1
25/11/2023 15:00,Newcastle United FC,Chelsea FC,4,1
25/11/2023 15:00,Nottingham Forest FC,Brighton & Hove Albion FC,2,3
25/11/2023 15:00,Sheffield Utd,AFC Bournemouth,1,3
25/11/2023 17:30,Brentford FC,Arsenal FC,0,1
26/11/2023 14:00,Tottenham Hotspur FC,Aston Villa FC,1,2
26/11/2023 16:30,Everton FC,Manchester United FC,0,3
27/11/2023 20:00,Fulham FC,Wolverhampton Wanderers FC,3,2
02/12/2023 15:00,Arsenal FC,Wolverhampton Wanderers FC,2,1
02/12/2023 15:00,Brentford FC,Luton,3,1
02/12/2023 15:00,Burnley FC,Sheffield Utd,5,0
02/12/2023 17:30,Nottingham Forest FC,Everton FC,0,1
02/12/2023 20:00,Newcastle United FC,Manchester United FC,1,0
03/12/2023 14:00,AFC Bournemouth,Aston Villa FC,2,2
03/12/2023 14:00,Chelsea FC,Brighton & Hove Albion FC,3,2
03/12/2023 14:00,Liverpool FC,Fulham FC,4,3
03/12/2023 14:00,West Ham United FC,Crystal Palace FC,1,1
03/12/2023 16:30,Manchester City FC,Tottenham Hotspur FC,3,3
05/12/2023 19:30,Wolverhampton Wanderers FC,Burnley FC,1,0
05/12/2023 20:15,Luton,Arsenal FC,3,4
06/12/2023 19:30,Brighton & Hove Albion FC,Brentford FC,2,1
06/12/2023 19:30,Fulham FC,Nottingham Forest FC,5,0
06/12/2023 19:30,Sheffield Utd,Liverpool FC,0,2
06/12/2023 19:30,Crystal Palace FC,AFC Bournemouth,0,2
06/12/2023 20:15,Aston Villa FC,Manchester City FC,1,0
06/12/2023 20:15,Manchester United FC,Chelsea FC,2,1
07/12/2023 19:30,Everton FC,Newcastle United FC,3,0
07/12/2023 20:15,Tottenham Hotspur FC,West Ham United FC,1,2
09/12/2023 12:30,Crystal Palace FC,Liverpool FC,1,2
09/12/2023 15:00,Brighton & Hove Albion FC,Burnley FC,1,1
09/12/2023 15:00,Manchester United FC,AFC Bournemouth,0,3
09/12/2023 15:00,Sheffield Utd,Brentford FC,1,0
09/12/2023 15:00,Wolverhampton Wanderers FC,Nottingham Forest FC,1,1
09/12/2023 17:30,Aston Villa FC,Arsenal FC,1,0
10/12/2023 14:00,Everton FC,Chelsea FC,2,0
10/12/2023 14:00,Fulham FC,West Ham United FC,5,0
10/12/2023 14:00,Luton,Manchester City FC,1,2
10/12/2023 16:30,Tottenham Hotspur FC,Newcastle United FC,4,1
15/12/2023 20:00,Nottingham Forest FC,Tottenham Hotspur FC,0,2
16/12/2023 15:00,Chelsea FC,Sheffield Utd,2,0
16/12/2023 15:00,Manchester City FC,Crystal Palace FC,2,2
16/12/2023 15:00,Newcastle United FC,Fulham FC,3,0
16/12/2023 17:30,Burnley FC,Everton FC,0,2
17/12/2023 14:00,Arsenal FC,Brighton & Hove Albion FC,2,0
17/12/2023 14:00,Brentford FC,Aston Villa FC,1,2
17/12/2023 14:00,West Ham United FC,Wolverhampton Wanderers FC,3,0
17/12/2023 16:30,Liverpool FC,Manchester United FC,0,0
13/03/2024 19:30,AFC Bournemouth,Luton,4,3
21/12/2023 20:00,Crystal Palace FC,Brighton & Hove Albion FC,1,1
22/12/2023 20:00,Aston Villa FC,Sheffield Utd,1,1
23/12/2023 12:30,West Ham United FC,Manchester United FC,2,0
23/12/2023 15:00,Fulham FC,Burnley FC,0,2
23/12/2023 15:00,Luton,Newcastle United FC,1,0
23/12/2023 15:00,Nottingham Forest FC,AFC Bournemouth,2,3
23/12/2023 15:00,Tottenham Hotspur FC,Everton FC,2,1
23/12/2023 17:30,Liverpool FC,Arsenal FC,1,1
24/12/2023 13:00,Wolverhampton Wanderers FC,Chelsea FC,2,1
20/02/2024 19:30,Manchester City FC,Brentford FC,1,0
26/12/2023 12:30,Newcastle United FC,Nottingham Forest FC,1,3
26/12/2023 15:00,AFC Bournemouth,Fulham FC,3,0
26/12/2023 15:00,Sheffield Utd,Luton,2,3
26/12/2023 17:30,Burnley FC,Liverpool FC,0,2
26/12/2023 20:00,Manchester United FC,Aston Villa FC,3,2
27/12/2023 19:30,Brentford FC,Wolverhampton Wanderers FC,1,4
27/12/2023 19:30,Chelsea FC,Crystal Palace FC,2,1
27/12/2023 20:15,Everton FC,Manchester City FC,1,3
28/12/2023 19:30,Brighton & Hove Albion FC,Tottenham Hotspur FC,4,2
28/12/2023 20:15,Arsenal FC,West Ham United FC,0,2
30/12/2023 12:30,Luton,Chelsea FC,2,3
30/12/2023 15:00,Aston Villa FC,Burnley FC,3,2
30/12/2023 15:00,Crystal Palace FC,Brentford FC,3,1
30/12/2023 15:00,Manchester City FC,Sheffield Utd,2,0
30/12/2023 15:00,Wolverhampton Wanderers FC,Everton FC,3,0
30/12/2023 17:30,Nottingham Forest FC,Manchester United FC,2,1
31/12/2023 14:00,Fulham FC,Arsenal FC,2,1
31/12/2023 14:00,Tottenham Hotspur FC,AFC Bournemouth,3,1
01/01/2024 20:00,Liverpool FC,Newcastle United FC,4,2
02/01/2024 19:30,West Ham United FC,Brighton & Hove Albion FC,0,0
12/01/2024 19:45,Burnley FC,Luton,1,1
13/01/2024 12:30,Chelsea FC,Fulham FC,1,0
13/01/2024 17:30,Newcastle United FC,Manchester City FC,2,3
14/01/2024 14:00,Everton FC,Aston Villa FC,0,0
14/01/2024 16:30,Manchester United FC,Tottenham Hotspur FC,2,2
20/01/2024 12:30,Arsenal FC,Crystal Palace FC,5,0
20/01/2024 17:30,Brentford FC,Nottingham Forest FC,3,2
21/01/2024 14:00,Sheffield Utd,West Ham United FC,2,2
21/01/2024 16:30,AFC Bournemouth,Liverpool FC,0,4
22/01/2024 19:45,Brighton & Hove Albion FC,Wolverhampton Wanderers FC,0,0
30/01/2024 19:30,Nottingham Forest FC,Arsenal FC,1,2
30/01/2024 19:45,Fulham FC,Everton FC,0,0
30/01/2024 19:45,Luton,Brighton & Hove Albion FC,4,0
30/01/2024 20:00,Crystal Palace FC,Sheffield Utd,3,2
30/01/2024 20:15,Aston Villa FC,Newcastle United FC,1,3
31/01/2024 19:30,Tottenham Hotspur FC,Brentford FC,3,2
31/01/2024 19:30,Manchester City FC,Burnley FC,3,1
31/01/2024 20:15,Liverpool FC,Chelsea FC,4,1
01/02/2024 19:30,West Ham United FC,AFC Bournemouth,1,1
01/02/2024 20:15,Wolverhampton Wanderers FC,Manchester United FC,3,4
03/02/2024 12:30,Everton FC,Tottenham Hotspur FC,2,2
03/02/2024 15:00,Brighton & Hove Albion FC,Crystal Palace FC,4,1
03/02/2024 15:00,Burnley FC,Fulham FC,2,2
03/02/2024 15:00,Newcastle United FC,Luton,4,4
03/02/2024 17:30,Sheffield Utd,Aston Villa FC,0,5
04/02/2024 14:00,AFC Bournemouth,Nottingham Forest FC,1,1
04/02/2024 14:00,Chelsea FC,Wolverhampton Wanderers FC,2,4
04/02/2024 14:00,Manchester United FC,West Ham United FC,3,0
04/02/2024 16:30,Arsenal FC,Liverpool FC,3,1
05/02/2024 20:00,Brentford FC,Manchester City FC,1,3
10/02/2024 12:30,Manchester City FC,Everton FC,2,0
10/02/2024 15:00,Fulham FC,AFC Bournemouth,3,1
10/02/2024 15:00,Liverpool FC,Burnley FC,3,1
10/02/2024 15:00,Luton,Sheffield Utd,1,3
10/02/2024 15:00,Tottenham Hotspur FC,Brighton & Hove Albion FC,2,1
10/02/2024 15:00,Wolverhampton Wanderers FC,Brentford FC,0,2
10/02/2024 17:30,Nottingham Forest FC,Newcastle United FC,2,3
11/02/2024 14:00,West Ham United FC,Arsenal FC,0,6
11/02/2024 16:30,Aston Villa FC,Manchester United FC,1,2
12/02/2024 20:00,Crystal Palace FC,Chelsea FC,1,3
17/02/2024 12:30,Brentford FC,Liverpool FC,1,4
17/02/2024 15:00,Burnley FC,Arsenal FC,0,5
17/02/2024 15:00,Fulham FC,Aston Villa FC,1,2
17/02/2024 15:00,Newcastle United FC,AFC Bournemouth,2,2
17/02/2024 15:00,Nottingham Forest FC,West Ham United FC,2,0
17/02/2024 15:00,Tottenham Hotspur FC,Wolverhampton Wanderers FC,1,2
17/02/2024 17:30,Manchester City FC,Chelsea FC,1,1
18/02/2024 14:00,Sheffield Utd,Brighton & Hove Albion FC,0,5
18/02/2024 16:30,Luton,Manchester United FC,1,2
19/02/2024 20:00,Everton FC,Crystal Palace FC,1,1
21/02/2024 19:30,Liverpool FC,Luton,4,1
24/02/2024 15:00,Aston Villa FC,Nottingham Forest FC,4,2
24/02/2024 15:00,Brighton & Hove Albion FC,Everton FC,1,1
24/02/2024 15:00,Crystal Palace FC,Burnley FC,3,0
24/02/2024 15:00,Manchester United FC,Fulham FC,1,2
24/02/2024 17:30,AFC Bournemouth,Manchester City FC,0,1
24/02/2024 20:00,Arsenal FC,Newcastle United FC,4,1
25/02/2024 13:30,Wolverhampton Wanderers FC,Sheffield Utd,1,0
26/02/2024 20:00,West Ham United FC,Brentford FC,4,2
02/05/2024 19:30,Chelsea FC,Tottenham Hotspur FC,2,0
02/03/2024 15:00,Brentford FC,Chelsea FC,2,2
02/03/2024 15:00,Everton FC,West Ham United FC,1,3
02/03/2024 15:00,Fulham FC,Brighton & Hove Albion FC,3,0
02/03/2024 15:00,Newcastle United FC,Wolverhampton Wanderers FC,3,0
02/03/2024 15:00,Nottingham Forest FC,Liverpool FC,0,1
02/03/2024 15:00,Tottenham Hotspur FC,Crystal Palace FC,3,1
02/03/2024 17:30,Luton,Aston Villa FC,2,3
03/03/2024 13:00,Burnley FC,AFC Bournemouth,0,2
03/03/2024 15:30,Manchester City FC,Manchester United FC,3,1
04/03/2024 20:00,Sheffield Utd,Arsenal FC,0,6
09/03/2024 12:30,Manchester United FC,Everton FC,2,0
09/03/2024 15:00,AFC Bournemouth,Sheffield Utd,2,2
09/03/2024 15:00,Crystal Palace FC,Luton,1,1
09/03/2024 15:00,Wolverhampton Wanderers FC,Fulham FC,2,1
09/03/2024 17:30,Arsenal FC,Brentford FC,2,1
10/03/2024 13:00,Aston Villa FC,Tottenham Hotspur FC,0,4
10/03/2024 14:00,Brighton & Hove Albion FC,Nottingham Forest FC,1,0
10/03/2024 14:00,West Ham United FC,Burnley FC,2,2
10/03/2024 15:45,Liverpool FC,Manchester City FC,1,1
11/03/2024 20:00,Chelsea FC,Newcastle United FC,3,2
16/03/2024 15:00,Burnley FC,Brentford FC,2,1
16/03/2024 15:00,Luton,Nottingham Forest FC,1,1
16/03/2024 17:30,Fulham FC,Tottenham Hotspur FC,3,0
17/03/2024 14:00,West Ham United FC,Aston Villa FC,1,1
23/04/2024 20:00,Arsenal FC,Chelsea FC,5,0
24/04/2024 19:45,Wolverhampton Wanderers FC,AFC Bournemouth,0,1
24/04/2024 20:00,Crystal Palace FC,Newcastle United FC,2,0
24/04/2024 20:00,Everton FC,Liverpool FC,2,0
24/04/2024 20:00,Manchester United FC,Sheffield Utd,4,2
25/04/2024 20:00,Brighton & Hove Albion FC,Manchester City FC,0,4
30/03/2024 12:30,Newcastle United FC,West Ham United FC,4,3
30/03/2024 15:00,AFC Bournemouth,Everton FC,2,1
30/03/2024 15:00,Chelsea FC,Burnley FC,2,2
30/03/2024 15:00,Nottingham Forest FC,Crystal Palace FC,1,1
30/03/2024 15:00,Sheffield Utd,Fulham FC,3,3
30/03/2024 15:00,Tottenham Hotspur FC,Luton,2,1
30/03/2024 19:30,Aston Villa FC,Wolverhampton Wanderers FC,2,0
30/03/2024 20:00,Brentford FC,Manchester United FC,1,1
31/03/2024 14:00,Liverpool FC,Brighton & Hove Albion FC,2,1
31/03/2024 16:30,Manchester City FC,Arsenal FC,0,0
02/04/2024 19:30,Nottingham Forest FC,Fulham FC,3,1
02/04/2024 19:30,Newcastle United FC,Everton FC,1,1
02/04/2024 19:45,AFC Bournemouth,Crystal Palace FC,1,0
02/04/2024 19:45,Burnley FC,Wolverhampton Wanderers FC,1,1
02/04/2024 20:15,West Ham United FC,Tottenham Hotspur FC,1,1
03/04/2024 19:30,Arsenal FC,Luton,2,0
03/04/2024 19:30,Brentford FC,Brighton & Hove Albion FC,0,0
03/04/2024 20:15,Manchester City FC,Aston Villa FC,4,1
04/04/2024 19:30,Liverpool FC,Sheffield Utd,3,1
04/04/2024 20:15,Chelsea FC,Manchester United FC,4,3
06/04/2024 12:30,Crystal Palace FC,Manchester City FC,2,4
06/04/2024 15:00,Aston Villa FC,Brentford FC,3,3
06/04/2024 15:00,Everton FC,Burnley FC,1,0
06/04/2024 15:00,Fulham FC,Newcastle United FC,0,1
06/04/2024 15:00,Luton,AFC Bournemouth,2,1
06/04/2024 15:00,Wolverhampton Wanderers FC,West Ham United FC,1,2
06/04/2024 17:30,Brighton & Hove Albion FC,Arsenal FC,0,3
07/04/2024 15:30,Manchester United FC,Liverpool FC,2,2
07/04/2024 17:30,Sheffield Utd,Chelsea FC,2,2
07/04/2024 18:00,Tottenham Hotspur FC,Nottingham Forest FC,3,1
13/04/2024 12:30,Newcastle United FC,Tottenham Hotspur FC,4,0
13/04/2024 15:00,Brentford FC,Sheffield Utd,2,0
13/04/2024 15:00,Burnley FC,Brighton & Hove Albion FC,1,1
13/04/2024 15:00,Manchester City FC,Luton,5,1
13/04/2024 15:00,Nottingham Forest FC,Wolverhampton Wanderers FC,2,2
13/04/2024 17:30,AFC Bournemouth,Manchester United FC,2,2
14/04/2024 14:00,Liverpool FC,Crystal Palace FC,0,1
14/04/2024 14:00,West Ham United FC,Fulham FC,0,2
14/04/2024 16:30,Arsenal FC,Aston Villa FC,0,2
15/04/2024 20:00,Chelsea FC,Everton FC,6,0
20/04/2024 15:00,Luton,Brentford FC,1,5
20/04/2024 15:00,Sheffield Utd,Burnley FC,1,4
20/04/2024 19:30,Wolverhampton Wanderers FC,Arsenal FC,0,2
21/04/2024 13:30,Everton FC,Nottingham Forest FC,2,0
21/04/2024 15:00,Aston Villa FC,AFC Bournemouth,3,1
21/04/2024 15:00,Crystal Palace FC,West Ham United FC,5,2
21/04/2024 16:30,Fulham FC,Liverpool FC,1,3
14/05/2024 20:00,Tottenham Hotspur FC,Manchester City FC,0,2
15/05/2024 19:45,Brighton & Hove Albion FC,Chelsea FC,1,2
15/05/2024 20:00,Manchester United FC,Newcastle United FC,3,2
27/04/2024 12:30,West Ham United FC,Liverpool FC,2,2
27/04/2024 15:00,Fulham FC,Crystal Palace FC,1,1
27/04/2024 15:00,Manchester United FC,Burnley FC,1,1
27/04/2024 15:00,Newcastle United FC,Sheffield Utd,5,1
27/04/2024 15:00,Wolverhampton Wanderers FC,Luton,2,1
27/04/2024 17:30,Everton FC,Brentford FC,1,0
27/04/2024 20:00,Aston Villa FC,Chelsea FC,2,2
28/04/2024 14:00,AFC Bournemouth,Brighton & Hove Albion FC,3,0
28/04/2024 14:00,Tottenham Hotspur FC,Arsenal FC,2,3
28/04/2024 16:30,Nottingham Forest FC,Manchester City FC,0,2
03/05/2024 20:00,Luton,Everton FC,1,1
04/05/2024 12:30,Arsenal FC,AFC Bournemouth,3,0
04/05/2024 15:00,Brentford FC,Fulham FC,0,0
04/05/2024 15:00,Burnley FC,Newcastle United FC,1,4
04/05/2024 15:00,Sheffield Utd,Nottingham Forest FC,1,3
04/05/2024 17:30,Manchester City FC,Wolverhampton Wanderers FC,5,1
05/05/2024 14:00,Brighton & Hove Albion FC,Aston Villa FC,1,0
05/05/2024 14:00,Chelsea FC,West Ham United FC,5,0
05/05/2024 16:30,Liverpool FC,Tottenham Hotspur FC,4,2
06/05/2024 20:00,Crystal Palace FC,Manchester United FC,4,0
11/05/2024 12:30,Fulham FC,Manchester City FC,0,4
11/05/2024 15:00,AFC Bournemouth,Brentford FC,1,2
11/05/2024 15:00,Everton FC,Sheffield Utd,1,0
11/05/2024 15:00,Newcastle United FC,Brighton & Hove Albion FC,1,1
11/05/2024 15:00,Tottenham Hotspur FC,Burnley FC,2,1
11/05/2024 15:00,West Ham United FC,Luton,3,1
11/05/2024 15:00,Wolverhampton Wanderers FC,Crystal Palace FC,1,3
11/05/2024 17:30,Nottingham Forest FC,Chelsea FC,2,3
12/05/2024 16:30,Manchester United FC,Arsenal FC,0,1
13/05/2024 20:00,Aston Villa FC,Liverpool FC,3,3
19/05/2024 16:00,Arsenal FC,Everton FC,2,1
19/05/2024 16:00,Brentford FC,Newcastle United FC,2,4
19/05/2024 16:00,Brighton & Hove Albion FC,Manchester United FC,0,2
19/05/2024 16:00,Burnley FC,Nottingham Forest FC,1,2
19/05/2024 16:00,Chelsea FC,AFC Bournemouth,2,1
19/05/2024 16:00,Crystal Palace FC,Aston Villa FC,5,0
19/05/2024 16:00,Liverpool FC,Wolverhampton Wanderers FC,2,0
19/05/2024 16:00,Luton,Fulham FC,2,4
19/05/2024 16:00,Manchester City FC,West Ham United FC,3,1
19/05/2024 16:00,Sheffield Utd,Tottenham Hotspur FC,0,3
16/08/2024 20:00,Manchester United FC,Fulham FC,1,0
17/08/2024 12:30,Ipswich,Liverpool FC,0,2
17/08/2024 15:00,Arsenal FC,Wolverhampton Wanderers FC,2,0
17/08/2024 15:00,Everton FC,Brighton & Hove Albion FC,0,3
17/08/2024 15:00,Newcastle United FC,Southampton FC,1,0
17/08/2024 15:00,Nottingham Forest FC,AFC Bournemouth,1,1
17/08/2024 17:30,West Ham United FC,Aston Villa FC,1,2
18/08/2024 14:00,Brentford FC,Crystal Palace FC,2,1
18/08/2024 16:30,Chelsea FC,Manchester City FC,0,2
19/08/2024 20:00,Leicester,Tottenham Hotspur FC,1,1
24/08/2024 12:30,Brighton & Hove Albion FC,Manchester United FC,2,1
24/08/2024 15:00,Crystal Palace FC,West Ham United FC,0,2
24/08/2024 15:00,Fulham FC,Leicester,2,1
24/08/2024 15:00,Manchester City FC,Ipswich,4,1
24/08/2024 15:00,Southampton FC,Nottingham Forest FC,0,1
24/08/2024 15:00,Tottenham Hotspur FC,Everton FC,4,0
24/08/2024 17:30,Aston Villa FC,Arsenal FC,0,2
25/08/2024 14:00,AFC Bournemouth,Newcastle United FC,1,1
25/08/2024 14:00,Wolverhampton Wanderers FC,Chelsea FC,2,6
25/08/2024 16:30,Liverpool FC,Brentford FC,2,0
31/08/2024 12:30,Arsenal FC,Brighton & Hove Albion FC,1,1
31/08/2024 15:00,Brentford FC,Southampton FC,3,1
31/08/2024 15:00,Everton FC,AFC Bournemouth,2,3
31/08/2024 15:00,Ipswich,Fulham FC,1,1
31/08/2024 15:00,Leicester,Aston Villa FC,1,2
31/08/2024 15:00,Nottingham Forest FC,Wolverhampton Wanderers FC,1,1
31/08/2024 17:30,West Ham United FC,Manchester City FC,1,3
01/09/2024 13:30,Chelsea FC,Crystal Palace FC,1,1
01/09/2024 13:30,Newcastle United FC,Tottenham Hotspur FC,2,1
01/09/2024 16:00,Manchester United FC,Liverpool FC,0,3
14/09/2024 12:30,Southampton FC,Manchester United FC,0,3
14/09/2024 15:00,Brighton & Hove Albion FC,Ipswich,0,0
14/09/2024 15:00,Crystal Palace FC,Leicester,2,2
14/09/2024 15:00,Fulham FC,West Ham United FC,1,1
14/09/2024 15:00,Liverpool FC,Nottingham Forest FC,0,1
14/09/2024 15:00,Manchester City FC,Brentford FC,2,1
14/09/2024 17:30,Aston Villa FC,Everton FC,3,2
14/09/2024 20:00,AFC Bournemouth,Chelsea FC,0,1
15/09/2024 14:00,Tottenham Hotspur FC,Arsenal FC,0,1
15/09/2024 16:30,Wolverhampton Wanderers FC,Newcastle United FC,1,2
21/09/2024 12:30,West Ham United FC,Chelsea FC,0,3
21/09/2024 15:00,Aston Villa FC,Wolverhampton Wanderers FC,3,1
21/09/2024 15:00,Fulham FC,Newcastle United FC,3,1
21/09/2024 15:00,Leicester,Everton FC,1,1
21/09/2024 15:00,Liverpool FC,AFC Bournemouth,3,0
21/09/2024 15:00,Southampton FC,Ipswich,1,1
21/09/2024 15:00,Tottenham Hotspur FC,Brentford FC,3,1
21/09/2024 17:30,Crystal Palace FC,Manchester United FC,0,0
22/09/2024 14:00,Brighton & Hove Albion FC,Nottingham Forest FC,2,2
22/09/2024 16:30,Manchester City FC,Arsenal FC,2,2
28/09/2024 12:30,Newcastle United FC,Manchester City FC,1,1
28/09/2024 15:00,Arsenal FC,Leicester,4,2
28/09/2024 15:00,Brentford FC,West Ham United FC,1,1
28/09/2024 15:00,Chelsea FC,Brighton & Hove Albion FC,4,2
28/09/2024 15:00,Everton FC,Crystal Palace FC,2,1
28/09/2024 15:00,Nottingham Forest FC,Fulham FC,0,1
28/09/2024 17:30,Wolverhampton Wanderers FC,Liverpool FC,1,2
29/09/2024 14:00,Ipswich,Aston Villa FC,2,2
29/09/2024 16:30,Manchester United FC,Tottenham Hotspur FC,0,3
30/09/2024 20:00,AFC Bournemouth,Southampton FC,3,1
05/10/2024 12:30,Crystal Palace FC,Liverpool FC,0,1
05/10/2024 15:00,Arsenal FC,Southampton FC,3,1
05/10/2024 15:00,Brentford FC,Wolverhampton Wanderers FC,5,3
05/10/2024 15:00,Leicester,AFC Bournemouth,1,0
05/10/2024 15:00,Manchester City FC,Fulham FC,3,2
05/10/2024 15:00,West Ham United FC,Ipswich,4,1
05/10/2024 17:30,Everton FC,Newcastle United FC,0,0
06/10/2024 14:00,Aston Villa FC,Manchester United FC,0,0
06/10/2024 14:00,Chelsea FC,Nottingham Forest FC,1,1
06/10/2024 16:30,Brighton & Hove Albion FC,Tottenham Hotspur FC,3,2
19/10/2024 12:30,Tottenham Hotspur FC,West Ham United FC,4,1
19/10/2024 15:00,Fulham FC,Aston Villa FC,1,3
19/10/2024 15:00,Manchester United FC,Brentford FC,2,1
19/10/2024 15:00,Newcastle United FC,Brighton & Hove Albion FC,0,1
19/10/2024 15:00,Southampton FC,Leicester,2,3
19/10/2024 15:15,Ipswich,Everton FC,0,2
19/10/2024 17:30,AFC Bournemouth,Arsenal FC,2,0
20/10/2024 14:00,Wolverhampton Wanderers FC,Manchester City FC,1,2
20/10/2024 16:30,Liverpool FC,Chelsea FC,2,1
21/10/2024 20:00,Nottingham Forest FC,Crystal Palace FC,1,0
25/10/2024 20:00,Leicester,Nottingham Forest FC,1,3
26/10/2024 15:00,Aston Villa FC,AFC Bournemouth,1,1
26/10/2024 15:00,Brentford FC,Ipswich,4,3
26/10/2024 15:00,Brighton & Hove Albion FC,Wolverhampton Wanderers FC,2,2
26/10/2024 15:00,Manchester City FC,Southampton FC,1,0
26/10/2024 17:30,Everton FC,Fulham FC,1,1
27/10/2024 14:00,Chelsea FC,Newcastle United FC,2,1
27/10/2024 14:00,Crystal Palace FC,Tottenham Hotspur FC,1,0
27/10/2024 14:00,West Ham United FC,Manchester United FC,2,1
27/10/2024 16:30,Arsenal FC,Liverpool FC,2,2
02/11/2024 12:30,Newcastle United FC,Arsenal FC,1,0
02/11/2024 15:00,AFC Bournemouth,Manchester City FC,2,1
02/11/2024 15:00,Ipswich,Leicester,1,1
02/11/2024 15:00,Liverpool FC,Brighton & Hove Albion FC,2,1
02/11/2024 15:00,Nottingham Forest FC,West Ham United FC,3,0
02/11/2024 15:00,Southampton FC,Everton FC,1,0
02/11/2024 17:30,Wolverhampton Wanderers FC,Crystal Palace FC,2,2
03/11/2024 14:00,Tottenham Hotspur FC,Aston Villa FC,4,1
03/11/2024 16:30,Manchester United FC,Chelsea FC,1,1
04/11/2024 20:00,Fulham FC,Brentford FC,2,1
09/11/2024 15:00,Brentford FC,AFC Bournemouth,3,2
09/11/2024 15:00,Crystal Palace FC,Fulham FC,0,2
09/11/2024 15:00,West Ham United FC,Everton FC,0,0
09/11/2024 15:00,Wolverhampton Wanderers FC,Southampton FC,2,0
09/11/2024 17:30,Brighton & Hove Albion FC,Manchester City FC,2,1
09/11/2024 20:00,Liverpool FC,Aston Villa FC,2,0
10/11/2024 14:00,Manchester United FC,Leicester,3,0
10/11/2024 14:00,Nottingham Forest FC,Newcastle United FC,1,3
10/11/2024 14:00,Tottenham Hotspur FC,Ipswich,1,2
10/11/2024 16:30,Chelsea FC,Arsenal FC,1,1
23/11/2024 12:30,Leicester,Chelsea FC,1,2
23/11/2024 15:00,Arsenal FC,Nottingham Forest FC,3,0
23/11/2024 15:00,Aston Villa FC,Crystal Palace FC,2,2
23/11/2024 15:00,AFC Bournemouth,Brighton & Hove Albion FC,1,2
23/11/2024 15:00,Everton FC,Brentford FC,0,0
23/11/2024 15:00,Fulham FC,Wolverhampton Wanderers FC,1,4
23/11/2024 17:30,Manchester City FC,Tottenham Hotspur FC,0,4
24/11/2024 14:00,Southampton FC,Liverpool FC,2,3
24/11/2024 16:30,Ipswich,Manchester United FC,1,1
25/11/2024 20:00,Newcastle United FC,West Ham United FC,0,2
29/11/2024 20:00,Brighton & Hove Albion FC,Southampton FC,1,1
30/11/2024 15:00,Brentford FC,Leicester,4,1
30/11/2024 15:00,Crystal Palace FC,Newcastle United FC,1,1
30/11/2024 15:00,Nottingham Forest FC,Ipswich,1,0
30/11/2024 15:00,Wolverhampton Wanderers FC,AFC Bournemouth,2,4
30/11/2024 17:30,West Ham United FC,Arsenal FC,2,5
01/12/2024 13:30,Chelsea FC,Aston Villa FC,3,0
01/12/2024 13:30,Manchester United FC,Everton FC,4,0
01/12/2024 13:30,Tottenham Hotspur FC,Fulham FC,1,1
01/12/2024 16:00,Liverpool FC,Manchester City FC,2,0
03/12/2024 19:30,Ipswich,Crystal Palace FC,0,1
03/12/2024 20:15,Leicester,West Ham United FC,3,1
04/12/2024 19:30,Everton FC,Wolverhampton Wanderers FC,4,0
04/12/2024 19:30,Manchester City FC,Nottingham Forest FC,3,0
04/12/2024 19:30,Newcastle United FC,Liverpool FC,3,3
04/12/2024 19:30,Southampton FC,Chelsea FC,1,5
04/12/2024 20:15,Arsenal FC,Manchester United FC,2,0
04/12/2024 20:15,Aston Villa FC,Brentford FC,3,1
05/12/2024 19:30,Fulham FC,Brighton & Hove Albion FC,3,1
05/12/2024 20:15,AFC Bournemouth,Tottenham Hotspur FC,1,0
07/12/2024 15:00,Aston Villa FC,Southampton FC,1,0
07/12/2024 15:00,Brentford FC,Newcastle United FC,4,2
07/12/2024 15:00,Crystal Palace FC,Manchester City FC,2,2
07/12/2024 17:30,Manchester United FC,Nottingham Forest FC,2,3
08/12/2024 14:00,Fulham FC,Arsenal FC,1,1
08/12/2024 14:00,Ipswich,AFC Bournemouth,1,2
08/12/2024 14:00,Leicester,Brighton & Hove Albion FC,2,2
08/12/2024 16:30,Tottenham Hotspur FC,Chelsea FC,3,4
09/12/2024 20:00,West Ham United FC,Wolverhampton Wanderers FC,2,1
12/02/2025 19:30,Everton FC,Liverpool FC,2,2
14/12/2024 15:00,Arsenal FC,Everton FC,0,0
14/12/2024 15:00,Liverpool FC,Fulham FC,2,2
14/12/2024 15:00,Newcastle United FC,Leicester,4,0
14/12/2024 15:00,Wolverhampton Wanderers FC,Ipswich,1,2
14/12/2024 17:30,Nottingham Forest FC,Aston Villa FC,2,1
15/12/2024 14:00,Brighton & Hove Albion FC,Crystal Palace FC,1,3
15/12/2024 16:30,Manchester City FC,Manchester United FC,1,2
15/12/2024 19:00,Chelsea FC,Brentford FC,2,1
15/12/2024 19:00,Southampton FC,Tottenham Hotspur FC,0,5
16/12/2024 20:00,AFC Bournemouth,West Ham United FC,1,1
21/12/2024 12:30,Aston Villa FC,Manchester City FC,2,1
21/12/2024 15:00,Brentford FC,Nottingham Forest FC,0,2
21/12/2024 15:00,Ipswich,Newcastle United FC,0,4
21/12/2024 15:00,West Ham United FC,Brighton & Hove Albion FC,1,1
21/12/2024 17:30,Crystal Palace FC,Arsenal FC,1,5
22/12/2024 14:00,Everton FC,Chelsea FC,0,0
22/12/2024 14:00,Fulham FC,Southampton FC,0,0
22/12/2024 14:00,Leicester,Wolverhampton Wanderers FC,0,3
22/12/2024 14:00,Manchester United FC,AFC Bournemouth,0,3
22/12/2024 16:30,Tottenham Hotspur FC,Liverpool FC,3,6
26/12/2024 12:30,Manchester City FC,Everton FC,1,1
26/12/2024 15:00,AFC Bournemouth,Crystal Palace FC,0,0
26/12/2024 15:00,Chelsea FC,Fulham FC,1,2
26/12/2024 15:00,Newcastle United FC,Aston Villa FC,3,0
26/12/2024 15:00,Nottingham Forest FC,Tottenham Hotspur FC,1,0
26/12/2024 15:00,Southampton FC,West Ham United FC,0,1
26/12/2024 17:30,Wolverhampton Wanderers FC,Manchester United FC,2,0
26/12/2024 20:00,Liverpool FC,Leicester,3,1
27/12/2024 19:30,Brighton & Hove Albion FC,Brentford FC,0,0
27/12/2024 20:15,Arsenal FC,Ipswich,1,0
29/12/2024 14:30,Leicester,Manchester City FC,0,2
29/12/2024 15:00,Crystal Palace FC,Southampton FC,2,1
29/12/2024 15:00,Everton FC,Nottingham Forest FC,0,2
29/12/2024 15:00,Fulham FC,AFC Bournemouth,2,2
29/12/2024 15:00,Tottenham Hotspur FC,Wolverhampton Wanderers FC,2,2
29/12/2024 17:15,West Ham United FC,Liverpool FC,0,5
30/12/2024 19:45,Aston Villa FC,Brighton & Hove Albion FC,2,2
30/12/2024 19:45,Ipswich,Chelsea FC,2,0
30/12/2024 20:00,Manchester United FC,Newcastle United FC,0,2
01/01/2025 17:30,Brentford FC,Arsenal FC,1,3
04/01/2025 12:30,Tottenham Hotspur FC,Newcastle United FC,1,2
04/01/2025 15:00,Aston Villa FC,Leicester,2,1
04/01/2025 15:00,AFC Bournemouth,Everton FC,1,0
04/01/2025 15:00,Crystal Palace FC,Chelsea FC,1,1
04/01/2025 15:00,Manchester City FC,West Ham United FC,4,1
04/01/2025 15:00,Southampton FC,Brentford FC,0,5
04/01/2025 17:30,Brighton & Hove Albion FC,Arsenal FC,1,1
05/01/2025 14:00,Fulham FC,Ipswich,2,2
05/01/2025 16:30,Liverpool FC,Manchester United FC,2,2
06/01/2025 20:00,Wolverhampton Wanderers FC,Nottingham Forest FC,0,3
14/01/2025 19:30,Brentford FC,Manchester City FC,2,2
14/01/2025 19:30,West Ham United FC,Fulham FC,3,2
14/01/2025 19:30,Chelsea FC,AFC Bournemouth,2,2
14/01/2025 20:00,Nottingham Forest FC,Liverpool FC,1,1
15/01/2025 19:30,Everton FC,Aston Villa FC,0,1
15/01/2025 19:30,Leicester,Crystal Palace FC,0,2
15/01/2025 19:30,Newcastle United FC,Wolverhampton Wanderers FC,3,0
15/01/2025 20:00,Arsenal FC,Tottenham Hotspur FC,2,1
16/01/2025 19:30,Ipswich,Brighton & Hove Albion FC,0,2
16/01/2025 20:00,Manchester United FC,Southampton FC,3,1
18/01/2025 12:30,Newcastle United FC,AFC Bournemouth,1,4
18/01/2025 15:00,Brentford FC,Liverpool FC,0,2
18/01/2025 15:00,Leicester,Fulham FC,0,2
18/01/2025 15:00,West Ham United FC,Crystal Palace FC,0,2
18/01/2025 17:30,Arsenal FC,Aston Villa FC,2,2
19/01/2025 14:00,Everton FC,Tottenham Hotspur FC,3,2
19/01/2025 14:00,Manchester United FC,Brighton & Hove Albion FC,1,3
19/01/2025 14:00,Nottingham Forest FC,Southampton FC,3,2
19/01/2025 16:30,Ipswich,Manchester City FC,0,6
20/01/2025 20:00,Chelsea FC,Wolverhampton Wanderers FC,3,1
25/01/2025 15:00,AFC Bournemouth,Nottingham Forest FC,5,0
25/01/2025 15:00,Brighton & Hove Albion FC,Everton FC,0,1
25/01/2025 15:00,Liverpool FC,Ipswich,4,1
25/01/2025 15:00,Southampton FC,Newcastle United FC,1,3
25/01/2025 15:00,Wolverhampton Wanderers FC,Arsenal FC,0,1
25/01/2025 17:30,Manchester City FC,Chelsea FC,3,1
26/01/2025 14:00,Crystal Palace FC,Brentford FC,1,2
26/01/2025 14:00,Tottenham Hotspur FC,Leicester,1,2
26/01/2025 16:30,Aston Villa FC,West Ham United FC,1,1
26/01/2025 19:00,Fulham FC,Manchester United FC,0,1
01/02/2025 12:30,Nottingham Forest FC,Brighton & Hove Albion FC,7,0
01/02/2025 15:00,AFC Bournemouth,Liverpool FC,0,2
01/02/2025 15:00,Everton FC,Leicester,4,0
01/02/2025 15:00,Ipswich,Southampton FC,1,2
01/02/2025 15:00,Newcastle United FC,Fulham FC,1,2
01/02/2025 17:30,Wolverhampton Wanderers FC,Aston Villa FC,2,0
02/02/2025 14:00,Brentford FC,Tottenham Hotspur FC,0,2
02/02/2025 14:00,Manchester United FC,Crystal Palace FC,0,2
02/02/2025 16:30,Arsenal FC,Manchester City FC,5,1
03/02/2025 20:00,Chelsea FC,West Ham United FC,2,1
14/02/2025 20:00,Brighton & Hove Albion FC,Chelsea FC,3,0
15/02/2025 12:30,Leicester,Arsenal FC,0,2
15/02/2025 15:00,Aston Villa FC,Ipswich,1,1
15/02/2025 15:00,Fulham FC,Nottingham Forest FC,2,1
15/02/2025 15:00,Manchester City FC,Newcastle United FC,4,0
15/02/2025 15:00,Southampton FC,AFC Bournemouth,1,3
15/02/2025 15:00,West Ham United FC,Brentford FC,0,1
15/02/2025 17:30,Crystal Palace FC,Everton FC,1,2
16/02/2025 14:00,Liverpool FC,Wolverhampton Wanderers FC,2,1
16/02/2025 16:30,Tottenham Hotspur FC,Manchester United FC,1,0
21/02/2025 20:00,Leicester,Brentford FC,0,4
22/02/2025 12:30,Everton FC,Manchester United FC,2,2
22/02/2025 15:00,Arsenal FC,West Ham United FC,0,1
22/02/2025 15:00,AFC Bournemouth,Wolverhampton Wanderers FC,0,1
22/02/2025 15:00,Fulham FC,Crystal Palace FC,0,2
22/02/2025 15:00,Ipswich,Tottenham Hotspur FC,1,4
22/02/2025 15:00,Southampton FC,Brighton & Hove Albion FC,0,4
22/02/2025 17:30,Aston Villa FC,Chelsea FC,2,1
23/02/2025 14:00,Newcastle United FC,Nottingham Forest FC,4,3
23/02/2025 16:30,Manchester City FC,Liverpool FC,0,2
25/02/2025 19:30,Brighton & Hove Albion FC,AFC Bournemouth,2,1
25/02/2025 19:30,Wolverhampton Wanderers FC,Fulham FC,1,2
25/02/2025 19:30,Crystal Palace FC,Aston Villa FC,4,1
25/02/2025 20:15,Chelsea FC,Southampton FC,4,0
26/02/2025 19:30,Brentford FC,Everton FC,1,1
26/02/2025 19:30,Nottingham Forest FC,Arsenal FC,0,0
26/02/2025 19:30,Tottenham Hotspur FC,Manchester City FC,0,1
26/02/2025 19:30,Manchester United FC,Ipswich,3,2
26/02/2025 20:15,Liverpool FC,Newcastle United FC,2,0
27/02/2025 20:00,West Ham United FC,Leicester,2,0
08/03/2025 12:30,Nottingham Forest FC,Manchester City FC,1,0
08/03/2025 15:00,Brighton & Hove Albion FC,Fulham FC,2,1
08/03/2025 15:00,Crystal Palace FC,Ipswich,1,0
08/03/2025 15:00,Liverpool FC,Southampton FC,3,1
08/03/2025 17:30,Brentford FC,Aston Villa FC,0,1
08/03/2025 20:00,Wolverhampton Wanderers FC,Everton FC,1,1
09/03/2025 14:00,Chelsea FC,Leicester,1,0
09/03/2025 14:00,Tottenham Hotspur FC,AFC Bournemouth,2,2
09/03/2025 16:30,Manchester United FC,Arsenal FC,1,1
10/03/2025 20:00,West Ham United FC,Newcastle United FC,0,1
19/02/2025 19:30,Aston Villa FC,Liverpool FC,2,2
15/03/2025 15:00,Everton FC,West Ham United FC,1,1
15/03/2025 15:00,Ipswich,Nottingham Forest FC,2,4
15/03/2025 15:00,Manchester City FC,Brighton & Hove Albion FC,2,2
15/03/2025 15:00,Southampton FC,Wolverhampton Wanderers FC,1,2
15/03/2025 17:30,AFC Bournemouth,Brentford FC,1,2
16/03/2025 13:30,Arsenal FC,Chelsea FC,1,0
16/03/2025 13:30,Fulham FC,Tottenham Hotspur FC,2,0
16/03/2025 19:00,Leicester,Manchester United FC,0,3
16/04/2025 19:30,Newcastle United FC,Crystal Palace FC,5,0
01/04/2025 19:45,Arsenal FC,Fulham FC,2,1
01/04/2025 19:45,Wolverhampton Wanderers FC,West Ham United FC,1,0
01/04/2025 20:00,Nottingham Forest FC,Manchester United FC,1,0
02/04/2025 19:45,AFC Bournemouth,Ipswich,1,2
02/04/2025 19:45,Brighton & Hove Albion FC,Aston Villa FC,0,3
02/04/2025 19:45,Manchester City FC,Leicester,2,0
02/04/2025 19:45,Newcastle United FC,Brentford FC,2,1
02/04/2025 19:45,Southampton FC,Crystal Palace FC,1,1
02/04/2025 20:00,Liverpool FC,Everton FC,1,0
03/04/2025 20:00,Chelsea FC,Tottenham Hotspur FC,1,0
05/04/2025 12:30,Everton FC,Arsenal FC,1,1
05/04/2025 15:00,Crystal Palace FC,Brighton & Hove Albion FC,2,1
05/04/2025 15:00,Ipswich,Wolverhampton Wanderers FC,1,2
05/04/2025 15:00,West Ham United FC,AFC Bournemouth,2,2
05/04/2025 17:30,Aston Villa FC,Nottingham Forest FC,2,1
06/04/2025 14:00,Brentford FC,Chelsea FC,0,0
06/04/2025 14:00,Fulham FC,Liverpool FC,3,2
06/04/2025 14:00,Tottenham Hotspur FC,Southampton FC,3,1
06/04/2025 16:30,Manchester United FC,Manchester City FC,0,0
07/04/2025 20:00,Leicester,Newcastle United FC,0,3
12/04/2025 12:30,Manchester City FC,Crystal Palace FC,5,2
12/04/2025 15:00,Brighton & Hove Albion FC,Leicester,2,2
12/04/2025 15:00,Nottingham Forest FC,Everton FC,0,1
12/04/2025 15:00,Southampton FC,Aston Villa FC,0,3
12/04/2025 17:30,Arsenal FC,Brentford FC,1,1
13/04/2025 14:00,Chelsea FC,Ipswich,2,2
13/04/2025 14:00,Liverpool FC,West Ham United FC,2,1
13/04/2025 14:00,Wolverhampton Wanderers FC,Tottenham Hotspur FC,4,2
13/04/2025 16:30,Newcastle United FC,Manchester United FC,4,1
14/04/2025 20:00,AFC Bournemouth,Fulham FC,1,0
19/04/2025 15:00,Brentford FC,Brighton & Hove Albion FC,4,2
19/04/2025 15:00,Crystal Palace FC,AFC Bournemouth,0,0
19/04/2025 15:00,Everton FC,Manchester City FC,0,2
19/04/2025 15:00,West Ham United FC,Southampton FC,1,1
19/04/2025 17:30,Aston Villa FC,Newcastle United FC,4,1
20/04/2025 14:00,Fulham FC,Chelsea FC,1,2
20/04/2025 14:00,Ipswich,Arsenal FC,0,4
20/04/2025 14:00,Manchester United FC,Wolverhampton Wanderers FC,0,1
20/04/2025 16:30,Leicester,Liverpool FC,0,1
21/04/2025 20:00,Tottenham Hotspur FC,Nottingham Forest FC,1,2
22/04/2025 20:00,Manchester City FC,Aston Villa FC,2,1
23/04/2025 20:00,Arsenal FC,Crystal Palace FC,2,2
26/04/2025 12:30,Chelsea FC,Everton FC,1,0
26/04/2025 15:00,Brighton & Hove Albion FC,West Ham United FC,3,2
26/04/2025 15:00,Newcastle United FC,Ipswich,3,0
26/04/2025 15:00,Southampton FC,Fulham FC,1,2
26/04/2025 15:00,Wolverhampton Wanderers FC,Leicester,3,0
27/04/2025 14:00,AFC Bournemouth,Manchester United FC,1,1
27/04/2025 16:30,Liverpool FC,Tottenham Hotspur FC,5,1
01/05/2025 19:30,Nottingham Forest FC,Brentford FC,0,2
02/05/2025 20:00,Manchester City FC,Wolverhampton Wanderers FC,1,0
03/05/2025 12:30,Aston Villa FC,Fulham FC,1,0
03/05/2025 15:00,Everton FC,Ipswich,2,2
03/05/2025 15:00,Leicester,Southampton FC,2,0
03/05/2025 17:30,Arsenal FC,AFC Bournemouth,1,2
04/05/2025 14:00,Brentford FC,Manchester United FC,4,3
04/05/2025 14:00,Brighton & Hove Albion FC,Newcastle United FC,1,1
04/05/2025 14:00,West Ham United FC,Tottenham Hotspur FC,1,1
04/05/2025 16:30,Chelsea FC,Liverpool FC,3,1
05/05/2025 20:00,Crystal Palace FC,Nottingham Forest FC,1,1
10/05/2025 15:00,Fulham FC,Everton FC,1,3
10/05/2025 15:00,Ipswich,Brentford FC,0,1
10/05/2025 15:00,Southampton FC,Manchester City FC,0,0
10/05/2025 15:00,Wolverhampton Wanderers FC,Brighton & Hove Albion FC,0,2
10/05/2025 17:30,AFC Bournemouth,Aston Villa FC,0,1
11/05/2025 12:00,Newcastle United FC,Chelsea FC,2,0
11/05/2025 14:15,Manchester United FC,West Ham United FC,0,2
11/05/2025 14:15,Nottingham Forest FC,Leicester,2,2
11/05/2025 14:15,Tottenham Hotspur FC,Crystal Palace FC,0,2
11/05/2025 16:30,Liverpool FC,Arsenal FC,2,2
16/05/2025 19:30,Aston Villa FC,Tottenham Hotspur FC,2,0
16/05/2025 20:15,Chelsea FC,Manchester United FC,1,0
18/05/2025 12:00,Everton FC,Southampton FC,2,0
18/05/2025 14:15,West Ham United FC,Nottingham Forest FC,1,2
18/05/2025 15:00,Brentford FC,Fulham FC,2,3
18/05/2025 15:00,Leicester,Ipswich,2,0
18/05/2025 16:30,Arsenal FC,Newcastle United FC,1,0
19/05/2025 20:00,Brighton & Hove Albion FC,Liverpool FC,3,2
20/05/2025 20:00,Crystal Palace FC,Wolverhampton Wanderers FC,4,2
20/05/2025 20:00,Manchester City FC,AFC Bournemouth,3,1
25/05/2025 16:00,AFC Bournemouth,Leicester,2,0
25/05/2025 16:00,Fulham FC,Manchester City FC,0,2
25/05/2025 16:00,Ipswich,West Ham United FC,1,3
25/05/2025 16:00,Liverpool FC,Crystal Palace FC,1,1
25/05/2025 16:00,Manchester United FC,Aston Villa FC,2,0
25/05/2025 16:00,Newcastle United FC,Everton FC,0,1
25/05/2025 16:00,Nottingham Forest FC,Chelsea FC,0,1
25/05/2025 16:00,Southampton FC,Arsenal FC,1,2
25/05/2025 16:00,Tottenham Hotspur FC,Brighton & Hove Albion FC,1,4
25/05/2025 16:00,Wolverhampton Wanderers FC,Brentford FC,1,1
15/08/2025 20:00,Liverpool FC,AFC Bournemouth,4,2
16/08/2025 12:30,Aston Villa FC,Newcastle United FC,0,0
16/08/2025 15:00,Brighton & Hove Albion FC,Fulham FC,1,1
16/08/2025 15:00,Sunderland AFC,West Ham United FC,3,0
16/08/2025 15:00,Tottenham Hotspur FC,Burnley FC,3,0
16/08/2025 17:30,Wolverhampton Wanderers FC,Manchester City FC,0,4
17/08/2025 14:00,Nottingham Forest FC,Brentford FC,3,1
17/08/2025 14:00,Chelsea FC,Crystal Palace FC,0,0
17/08/2025 16:30,Manchester United FC,Arsenal FC,0,1
18/08/2025 20:00,Leeds United FC,Everton FC,1,0
22/08/2025 20:00,West Ham United FC,Chelsea FC,1,5
23/08/2025 12:30,Manchester City FC,Tottenham Hotspur FC,0,2
23/08/2025 15:00,AFC Bournemouth,Wolverhampton Wanderers FC,1,0
23/08/2025 15:00,Brentford FC,Aston Villa FC,1,0
23/08/2025 15:00,Burnley FC,Sunderland AFC,2,0
23/08/2025 17:30,Arsenal FC,Leeds United FC,5,0
24/08/2025 14:00,Crystal Palace FC,Nottingham Forest FC,1,1
24/08/2025 14:00,Everton FC,Brighton & Hove Albion FC,2,0
24/08/2025 16:30,Fulham FC,Manchester United FC,1,1
25/08/2025 20:00,Newcastle United FC,Liverpool FC,2,3
30/08/2025 12:30,Chelsea FC,Fulham FC,2,0
30/08/2025 15:00,Manchester United FC,Burnley FC,3,2
30/08/2025 15:00,Sunderland AFC,Brentford FC,2,1
30/08/2025 15:00,Tottenham Hotspur FC,AFC Bournemouth,0,1
30/08/2025 15:00,Wolverhampton Wanderers FC,Everton FC,2,3
30/08/2025 17:30,Leeds United FC,Newcastle United FC,0,0
31/08/2025 14:00,Brighton & Hove Albion FC,Manchester City FC,2,1
31/08/2025 14:00,Nottingham Forest FC,West Ham United FC,0,3
31/08/2025 16:30,Liverpool FC,Arsenal FC,1,0
31/08/2025 19:00,Aston Villa FC,Crystal Palace FC,0,3
13/09/2025 12:30,Arsenal FC,Nottingham Forest FC,3,0
13/09/2025 15:00,AFC Bournemouth,Brighton & Hove Albion FC,2,1
13/09/2025 15:00,Crystal Palace FC,Sunderland AFC,0,0
13/09/2025 15:00,Everton FC,Aston Villa FC,0,0
13/09/2025 15:00,Fulham FC,Leeds United FC,1,0
13/09/2025 15:00,Newcastle United FC,Wolverhampton Wanderers FC,1,0
13/09/2025 17:30,West Ham United FC,Tottenham Hotspur FC,0,3
13/09/2025 20:00,Brentford FC,Chelsea FC,2,2
14/09/2025 14:00,Burnley FC,Liverpool FC,0,1
14/09/2025 16:30,Manchester City FC,Manchester United FC,3,0
20/09/2025 12:30,Liverpool FC,Everton FC,2,1
20/09/2025 15:00,Brighton & Hove Albion FC,Tottenham Hotspur FC,2,2
20/09/2025 15:00,Burnley FC,Nottingham Forest FC,1,1
20/09/2025 15:00,West Ham United FC,Crystal Palace FC,1,2
20/09/2025 15:00,Wolverhampton Wanderers FC,Leeds United FC,1,3
20/09/2025 17:30,Manchester United FC,Chelsea FC,2,1
20/09/2025 20:00,Fulham FC,Brentford FC,3,1
21/09/2025 14:00,AFC Bournemouth,Newcastle United FC,0,0
21/09/2025 14:00,Sunderland AFC,Aston Villa FC,1,1
21/09/2025 16:30,Arsenal FC,Manchester City FC,1,1
27/09/2025 12:30,Brentford FC,Manchester United FC,3,1
27/09/2025 15:00,Chelsea FC,Brighton & Hove Albion FC,1,3
27/09/2025 15:00,Crystal Palace FC,Liverpool FC,2,1
27/09/2025 15:00,Leeds United FC,AFC Bournemouth,2,2
27/09/2025 15:00,Manchester City FC,Burnley FC,5,1
27/09/2025 17:30,Nottingham Forest FC,Sunderland AFC,0,1
27/09/2025 20:00,Tottenham Hotspur FC,Wolverhampton Wanderers FC,1,1
28/09/2025 14:00,Aston Villa FC,Fulham FC,3,1
28/09/2025 16:30,Newcastle United FC,Arsenal FC,1,2
29/09/2025 20:00,Everton FC,West Ham United FC,1,1
03/10/2025 20:00,AFC Bournemouth,Fulham FC,3,1
04/10/2025 12:30,Leeds United FC,Tottenham Hotspur FC,1,2
04/10/2025 15:00,Arsenal FC,West Ham United FC,2,0
04/10/2025 15:00,Manchester United FC,Sunderland AFC,2,0
04/10/2025 17:30,Chelsea FC,Liverpool FC,2,1
05/10/2025 14:00,Aston Villa FC,Burnley FC,2,1
05/10/2025 14:00,Everton FC,Crystal Palace FC,2,1
05/10/2025 14:00,Newcastle United FC,Nottingham Forest FC,2,0
05/10/2025 14:00,Wolverhampton Wanderers FC,Brighton & Hove Albion FC,1,1
05/10/2025 16:30,Brentford FC,Manchester City FC,0,1
18/10/2025 12:30,Nottingham Forest FC,Chelsea FC,0,3
18/10/2025 15:00,Brighton & Hove Albion FC,Newcastle United FC,2,1
18/10/2025 15:00,Burnley FC,Leeds United FC,2,0
18/10/2025 15:00,Crystal Palace FC,AFC Bournemouth,3,3
18/10/2025 15:00,Manchester City FC,Everton FC,2,0
18/10/2025 15:00,Sunderland AFC,Wolverhampton Wanderers FC,2,0
18/10/2025 17:30,Fulham FC,Arsenal FC,0,1
19/10/2025 14:00,Tottenham Hotspur FC,Aston Villa FC,1,2
19/10/2025 16:30,Liverpool FC,Manchester United FC,1,2
20/10/2025 20:00,West Ham United FC,Brentford FC,0,2
24/10/2025 20:00,Leeds United FC,West Ham United FC,2,1
25/10/2025 15:00,Chelsea FC,Sunderland AFC,1,2
25/10/2025 15:00,Newcastle United FC,Fulham FC,2,1
25/10/2025 17:30,Manchester United FC,Brighton & Hove Albion FC,4,2
25/10/2025 20:00,Brentford FC,Liverpool FC,3,2
26/10/2025 14:00,Arsenal FC,Crystal Palace FC,1,0
26/10/2025 14:00,Aston Villa FC,Manchester City FC,1,0
26/10/2025 14:00,Wolverhampton Wanderers FC,Burnley FC,2,3
26/10/2025 16:00,AFC Bournemouth,Nottingham Forest FC,2,0
26/10/2025 16:30,Everton FC,Tottenham Hotspur FC,0,3
01/11/2025 15:00,Brighton & Hove Albion FC,Leeds United FC,3,0
01/11/2025 15:00,Burnley FC,Arsenal FC,0,2
01/11/2025 15:00,Crystal Palace FC,Brentford FC,2,0
01/11/2025 15:00,Fulham FC,Wolverhampton Wanderers FC,3,0
01/11/2025 15:00,Nottingham Forest FC,Manchester United FC,2,2
01/11/2025 17:30,Tottenham Hotspur FC,Chelsea FC,0,1
01/11/2025 20:00,Liverpool FC,Aston Villa FC,2,0
02/11/2025 14:00,West Ham United FC,Newcastle United FC,3,1
02/11/2025 16:30,Manchester City FC,AFC Bournemouth,3,1
03/11/2025 20:00,Sunderland AFC,Everton FC,1,1
08/11/2025 12:30,Tottenham Hotspur FC,Manchester United FC,2,2
08/11/2025 15:00,Everton FC,Fulham FC,2,0
08/11/2025 15:00,West Ham United FC,Burnley FC,3,2
08/11/2025 17:30,Sunderland AFC,Arsenal FC,2,2
08/11/2025 20:00,Chelsea FC,Wolverhampton Wanderers FC,3,0
09/11/2025 14:00,Aston Villa FC,AFC Bournemouth,4,0
09/11/2025 14:00,Brentford FC,Newcastle United FC,3,1
09/11/2025 14:00,Crystal Palace FC,Brighton & Hove Albion FC,0,0
09/11/2025 14:00,Nottingham Forest FC,Leeds United FC,3,1
09/11/2025 16:30,Manchester City FC,Liverpool FC,3,0
22/11/2025 12:30,Burnley FC,Chelsea FC,0,2
22/11/2025 15:00,AFC Bournemouth,West Ham United FC,2,2
22/11/2025 15:00,Brighton & Hove Albion FC,Brentford FC,2,1
22/11/2025 15:00,Fulham FC,Sunderland AFC,1,0
22/11/2025 15:00,Liverpool FC,Nottingham Forest FC,0,3
22/11/2025 15:00,Wolverhampton Wanderers FC,Crystal Palace FC,0,2
22/11/2025 17:30,Newcastle United FC,Manchester City FC,2,1
23/11/2025 14:00,Leeds United FC,Aston Villa FC,1,2
23/11/2025 16:30,Arsenal FC,Tottenham Hotspur FC,4,1
24/11/2025 20:00,Manchester United FC,Everton FC,0,1
29/11/2025 15:00,Sunderland AFC,AFC Bournemouth,3,2
29/11/2025 15:00,Brentford FC,Burnley FC,3,1
29/11/2025 15:00,Manchester City FC,Leeds United FC,3,2
29/11/2025 17:30,Everton FC,Newcastle United FC,1,4
29/11/2025 20:00,Tottenham Hotspur FC,Fulham FC,1,2
30/11/2025 12:00,Crystal Palace FC,Manchester United FC,1,2
30/11/2025 14:05,Aston Villa FC,Wolverhampton Wanderers FC,1,0
30/11/2025 14:05,Nottingham Forest FC,Brighton & Hove Albion FC,0,2
30/11/2025 14:05,West Ham United FC,Liverpool FC,0,2
30/11/2025 16:30,Chelsea FC,Arsenal FC,1,1
02/12/2025 19:30,AFC Bournemouth,Everton FC,0,1
02/12/2025 19:30,Fulham FC,Manchester City FC,4,5
02/12/2025 20:15,Newcastle United FC,Tottenham Hotspur FC,2,2
03/12/2025 19:30,Brighton & Hove Albion FC,Aston Villa FC,3,4
03/12/2025 19:30,Arsenal FC,Brentford FC,2,0
03/12/2025 19:30,Burnley FC,Crystal Palace FC,0,1
03/12/2025 19:30,Wolverhampton Wanderers FC,Nottingham Forest FC,0,1
03/12/2025 20:15,Liverpool FC,Sunderland AFC,1,1
03/12/2025 20:15,Leeds United FC,Chelsea FC,3,1
04/12/2025 20:00,Manchester United FC,West Ham United FC,1,1
06/12/2025 12:30,Aston Villa FC,Arsenal FC,2,1
06/12/2025 15:00,AFC Bournemouth,Chelsea FC,0,0
06/12/2025 15:00,Everton FC,Nottingham Forest FC,3,0
06/12/2025 15:00,Manchester City FC,Sunderland AFC,3,0
06/12/2025 15:00,Newcastle United FC,Burnley FC,2,1
06/12/2025 15:00,Tottenham Hotspur FC,Brentford FC,2,0
06/12/2025 17:30,Leeds United FC,Liverpool FC,3,3
07/12/2025 14:00,Brighton & Hove Albion FC,West Ham United FC,1,1
07/12/2025 16:30,Fulham FC,Crystal Palace FC,1,2
08/12/2025 20:00,Wolverhampton Wanderers FC,Manchester United FC,1,4
